{
    "model_type": "RandomForestClassifier",
    "model_config": {
        "n_estimators": 200,
        "max_depth": 10,
        "max_features": "sqrt",
        "min_samples_leaf": 4,
        "min_samples_split": 5,
        "class_weight": "{np.int64(0): np.float64(0.8054383497421472), np.int64(1): np.float64(2.013595874355368), np.int64(2): np.float64(2.013595874355368)}",
        "random_state": 42,
        "n_jobs": -1
    },
    "hyperparameters": {
        "n_estimators": 200,
        "min_samples_split": 5,
        "min_samples_leaf": 4,
        "max_features": "sqrt",
        "max_depth": 10
    },
    "feature_selection": {
        "n_selected_features": 200,
        "selected_feature_indices": [
            1,
            2,
            12,
            21,
            0,
            3,
            14,
            6,
            48,
            13,
            63,
            4,
            139,
            56,
            7,
            34,
            55,
            49,
            32,
            5,
            82,
            42,
            17,
            128,
            71,
            10,
            9,
            31,
            20,
            68,
            88,
            11,
            29,
            15,
            35,
            25,
            69,
            22,
            16,
            80,
            60,
            191,
            27,
            53,
            165,
            19,
            28,
            44,
            18,
            23,
            45,
            181,
            37,
            38,
            81,
            8,
            61,
            24,
            41,
            127,
            151,
            40,
            39,
            76,
            187,
            162,
            33,
            57,
            91,
            43,
            145,
            30,
            195,
            100,
            26,
            150,
            176,
            46,
            90,
            168,
            163,
            78,
            188,
            51,
            155,
            119,
            52,
            131,
            108,
            196,
            147,
            121,
            177,
            54,
            97,
            120,
            50,
            135,
            148,
            143,
            157,
            74,
            129,
            156,
            86,
            136,
            130,
            101,
            134,
            103,
            183,
            58,
            98,
            64,
            142,
            186,
            197,
            72,
            36,
            77,
            194,
            92,
            47,
            109,
            166,
            107,
            175,
            94,
            115,
            65,
            182,
            174,
            106,
            104,
            179,
            172,
            73,
            118,
            79,
            66,
            84,
            122,
            137,
            117,
            173,
            113,
            167,
            158,
            89,
            85,
            87,
            190,
            59,
            125,
            198,
            170,
            62,
            93,
            192,
            114,
            123,
            146,
            184,
            152,
            116,
            96,
            144,
            161,
            70,
            189,
            140,
            141,
            132,
            171,
            83,
            149,
            159,
            110,
            124,
            154,
            180,
            67,
            99,
            169,
            178,
            95,
            112,
            126,
            153,
            111,
            102,
            138,
            199,
            185,
            160,
            133,
            75,
            193,
            105,
            164
        ]
    },
    "training_info": {
        "n_trees": 200,
        "total_nodes": 35282,
        "feature_importance_available": true
    },
    "timestamp": "2025-12-15 12:31:58"
}